{"cameraMode":{"drawMode":0,"name":"Shaded","section":"Shading Mode"},"sceneLighting":true,"audioPlay":false,"sceneViewState":{"showFog":true,"showMaterialUpdate":false,"showSkybox":true,"showFlares":true,"showImageEffects":true,"showParticleSystems":true},"in2DMode":false,"pivot":{"x":-3.5380516052246095,"y":-5.867575645446777,"z":4.045949935913086},"rotation":{"x":-0.2819956839084625,"y":0.48486703634262087,"z":-0.16867899894714356,"w":-0.81053227186203},"size":8.883054733276368,"orthographic":false}